governorate,mean,low,high,heat_loss,cv
Aleppo,1510.2625011431446,1467.4528160208567,1546.3999779440217,0.06224184401978794,0.021905737970155197
As-Suwayda,1671.3660041815754,1646.6194033624492,1708.9114285743494,0.05822888330060405,0.016241057353207643
Damascus,1651.5212501347921,1630.0375802192489,1679.5075173248529,0.055229193628995144,0.015011980858036912
Daraa,1668.6588673202546,1643.1426948099624,1706.683181270104,0.059754284259200596,0.016338122753289174
Deir ez-Zor,1533.717220585044,1496.7763832947235,1563.0797297111571,0.0652392191726342,0.022062959345519228
Hama,1512.3190739182871,1479.2547534633993,1542.108026474811,0.06055230811539514,0.019907599321190742
Hasakah,1518.7124397659727,1490.833545016716,1551.6194034340886,0.06732031807239736,0.02534823119428775
Homs,1566.2575395827903,1546.3916241540485,1594.2926196329836,0.05765400591968506,0.01737128872187931
Idlib,1510.7285342470814,1479.3017217392141,1541.6681460662924,0.06154034618800486,0.019690884714343382
Latakia,1536.1390846672841,1512.4137237730808,1561.3240101335446,0.049636552407272716,0.01405279948647637
Quneitra,1574.4584818241879,1541.603853004668,1615.2520509486194,0.06223211372464932,0.018427200710089697
Raqqa,1557.697905295183,1530.3653275803772,1592.8294712022666,0.06333783989972352,0.016996858417659327
Rif Dimashq,1651.5212501347921,1630.0375802192489,1679.5075173248529,0.055229193628995144,0.015011980858036912
Tartus,1562.7222816622807,1541.9477370111715,1587.077990972419,0.05058023914987386,0.014729129732360515
