governorate,month,mean,low,high,heat_loss
Aleppo,1,62.544703999999996,55.376002,67.552312,0.0
Aleppo,2,80.86696815085521,66.96868133308645,94.84466203967428,0.0020018516973122624
Aleppo,3,116.624228190655,106.72201392071615,126.23548896385927,0.014805053477480401
Aleppo,4,147.31460524932837,141.68962806448667,149.99262674320724,0.044097247542117635
Aleppo,5,174.30632958198225,165.81968502877845,182.30007670126375,0.07050607236658701
Aleppo,6,187.74705612619348,183.31291044001514,191.262549364526,0.09554391497331127
Aleppo,7,190.2080778602035,184.92823148520475,193.9587551594237,0.10623027283201236
Aleppo,8,171.20030104897793,167.81867330992114,176.5247058072425,0.09830376415268349
Aleppo,9,139.70600581594587,135.27739945722072,144.0355432086612,0.07648655677849281
Aleppo,10,108.483915098719,97.77459716034609,113.53709916256781,0.04357365960833215
Aleppo,11,73.79207103970917,64.18498345185469,83.79850508437198,0.009242184054192193
Aleppo,12,57.46823898057482,46.43656,63.911072,3.323340120653384e-05
As-Suwayda,1,80.09238570080113,74.307698,88.33240599999999,1.6504861636512658e-05
As-Suwayda,2,95.20887810610307,88.58988070596432,103.36709627639651,0.0029376084989584106
As-Suwayda,3,133.52644144795377,124.15287611727125,142.68660878434764,0.01789057458053711
As-Suwayda,4,160.1128647334334,152.4378503968485,167.32656024375532,0.0462779313994206
As-Suwayda,5,188.08687799671608,182.9492120377065,197.78694936300022,0.07227423930398258
As-Suwayda,6,196.21336489142968,191.62556914827454,199.96316253374755,0.09209325287734049
As-Suwayda,7,197.5212721560303,193.1639138456854,200.7096971525424,0.09903779591457196
As-Suwayda,8,180.0123894552337,176.27848173225178,182.87221796879692,0.09158781561215945
As-Suwayda,9,152.36102580944376,147.09221568657333,155.6292194563859,0.07366276556903018
As-Suwayda,10,123.91311318261546,112.94113560316765,130.1458842896239,0.042564278058892846
As-Suwayda,11,89.42735201240657,84.09420655458209,93.37334890517542,0.008974619824764107
As-Suwayda,12,74.89003868940853,69.437432,80.639534,5.235816868920384e-05
Damascus,1,75.77925963636363,70.341464,79.114324,0.0
Damascus,2,91.64501691556421,85.824044,98.44460513074172,0.001165668246805085
Damascus,3,133.64713150983692,125.03252121688291,141.12722562946806,0.011642871240511554
Damascus,4,159.39289868492023,151.76254067205713,164.71948123107722,0.03874582427000106
Damascus,5,189.38689402683622,184.31604125048605,195.8828832491338,0.06597088281042052
Damascus,6,196.70135690318438,192.11565034053316,200.24534608023797,0.08840354929408534
Damascus,7,197.37570960180517,192.6249164686515,201.02543670611203,0.09781431522655581
Damascus,8,179.45623087916874,175.63425232417254,183.01644554050176,0.09025688586559377
Damascus,9,151.8775846483012,145.5378022369563,155.90615027552406,0.07025927092387008
Damascus,10,121.48616455950605,111.03340540525338,130.17481710009193,0.03786253382244942
Damascus,11,84.7382479784747,77.52938323872282,90.41528211774302,0.006091757765871231
Damascus,12,70.03475479083063,63.761604,73.831516,7.849940615445306e-05
Daraa,1,80.07798035775438,74.30080397982536,88.32450988046661,0.0001963609760787799
Daraa,2,95.01768317270329,88.5125976839101,103.20158366119223,0.004939872167332271
Daraa,3,133.1598693283391,124.00815428181556,142.21486212526202,0.020586774148694365
Daraa,4,159.67759734100426,152.0549373600135,166.7190154851303,0.04887062823607413
Daraa,5,187.7437965298602,182.3754989747415,197.2592351155202,0.0739664653551011
Daraa,6,196.0897827450147,191.83703990392453,199.81932485871755,0.09266508479417312
Daraa,7,197.57260520129984,193.6659617087854,200.67898185734103,0.09880364830553912
Daraa,8,180.0065686729046,176.53701257972176,182.6280777127145,0.09161718953251241
Daraa,9,152.12499203581012,146.86566010070834,155.59434896156588,0.07509782333356341
Daraa,10,123.37528774529605,112.48765620126912,129.49338831440892,0.04671987767730712
Daraa,11,88.95090970625834,83.7575891007488,92.91714604764886,0.014254507990485665
Daraa,12,74.86179448400955,69.43659685841197,80.639534,0.00042948077509130655
Deir ez-Zor,1,73.90445181818181,68.575454,78.801456,0.0
Deir ez-Zor,2,90.52714299892635,82.13559,99.44586020681588,0.002331171085737993
Deir ez-Zor,3,124.65328584057964,117.91716142268984,131.89475333977256,0.018406394563972417
Deir ez-Zor,4,150.7011788884619,146.49355861769473,155.29863397321063,0.04979556550603903
Deir ez-Zor,5,174.1889545212318,164.1088594038898,183.6927795005726,0.0781054823164613
Deir ez-Zor,6,183.04063969757118,176.07837869771978,189.0366055486685,0.1037598530349334
Deir ez-Zor,7,182.40641981910866,175.1300297214503,186.41583070233506,0.11252136251401079
Deir ez-Zor,8,164.82753885829695,159.95625123554152,171.0941560900061,0.10496671868161989
Deir ez-Zor,9,137.5074483262459,131.96143490696167,144.35535647964895,0.08150660798326237
Deir ez-Zor,10,109.04244420478652,99.21968844088589,117.24172087884844,0.04656514394394928
Deir ez-Zor,11,78.87442252074436,71.73272311272666,88.40540716295021,0.008314326438995323
Deir ez-Zor,12,64.04329309090909,60.313778,70.51742,0.0
Hama,1,62.665334465914654,58.342916,68.65221346674146,9.674541621296218e-05
Hama,2,81.01457309039189,70.54689674712682,92.75941123445453,0.003058449089055282
Hama,3,118.6030584808851,110.13608920004255,127.87503145736969,0.0167701071875358
Hama,4,147.75662031458813,142.23928227002537,151.87520855659537,0.045813738219465994
Hama,5,176.30068782028056,167.2019206837222,183.1760814425658,0.07088417501850797
Hama,6,185.57481013853757,181.18569362230917,190.44439726242865,0.09237699550551037
Hama,7,188.32453269524606,185.1263312134439,191.4474049891665,0.10117118827090099
Hama,8,169.21118637960845,166.82479828925213,173.26654874941983,0.09367651244176545
Hama,9,139.3057947777048,134.65072748135387,142.03504746190745,0.07408736845517805
Hama,10,110.45572733516369,103.2598212749536,116.2809304933551,0.04375026582922947
Hama,11,75.1722819296057,68.90761366719214,83.06995992731333,0.011357919377535275
Hama,12,57.934466490360364,50.117618,63.97678688183083,0.0002797435410905047
Hasakah,1,67.80340854545454,61.518208,74.632004,0.0
Hasakah,2,85.7023685604224,77.694894,94.58848452507026,0.0017291029420664072
Hasakah,3,119.7772658363991,112.23094116735541,128.2456799623118,0.015324028111314947
Hasakah,4,148.8748070399489,143.02344550398473,153.54944524624713,0.04617402305346652
Hasakah,5,175.1457959837307,168.97825398513453,184.56341456129937,0.07560060093912369
Hasakah,6,186.57018804944457,182.36582814012687,193.35716863629074,0.10586273003349711
Hasakah,7,184.381115621421,179.5989774186953,189.20078818285126,0.11830891112788755
Hasakah,8,166.77010085853706,161.92180696780306,170.11303958606308,0.1101999759754052
Hasakah,9,139.43285110369794,133.0412572804015,145.17169248284915,0.08386295061804361
Hasakah,10,108.36632673991872,99.13053458854702,115.551359699105,0.04606597560895587
Hasakah,11,75.85273724517951,69.26428302793761,86.09454229072125,0.00778675304878329
Hasakah,12,60.03547418181818,49.410526,66.196694,0.0
Homs,1,66.3580200315529,59.92093,71.12329451275146,3.608346810446417e-05
Homs,2,81.84843585395208,75.80764939473396,90.96224010588948,0.0015844604677413
Homs,3,121.69601924651742,114.38014347319755,126.8586177108848,0.013104555869605794
Homs,4,151.63411408645993,145.6610859956661,156.6482463480972,0.04135235055846875
Homs,5,180.36301469510533,173.1725154938811,187.98897463231427,0.06733956341205982
Homs,6,191.28913010437043,187.13923365900405,195.77309261991368,0.0897563942899805
Homs,7,193.9983589687975,190.01559819491166,197.5473880182276,0.09864666326065452
Homs,8,175.52075321137207,172.57012961722697,179.35488650694708,0.09183394715712045
Homs,9,146.05936143529667,141.91006940596614,149.45733745043927,0.07161355839070338
Homs,10,115.88748807987442,106.1864108708336,123.77989347702365,0.039921674396701134
Homs,11,78.79587282833587,70.73947717587193,84.47756202376073,0.007279831627656552
Homs,12,62.80697104115579,56.889344,68.13035556180792,0.0001264820420074919
Idlib,1,62.67139763636363,58.342916,68.682524,0.0
Idlib,2,81.09260029302988,70.581232,92.88970685872016,0.002098269241852413
Idlib,3,118.83127916021581,110.29171665979256,127.88038964597322,0.01487813747823774
Idlib,4,147.94978400017013,142.23119472962037,152.36403792041537,0.04456632111785108
Idlib,5,176.34447771169283,166.97155016365718,183.89483387791077,0.07065339950884664
Idlib,6,185.1325218463544,180.47532356288917,189.86302148744863,0.09454017179169039
Idlib,7,187.47799021352475,184.07833280415392,190.49633376008651,0.10521153692879526
Idlib,8,168.54811983522345,166.30393713983443,172.62246990659983,0.09722800803640086
Idlib,9,138.99290878011342,134.20800273903384,141.7217995663249,0.07616700267187115
Idlib,10,110.42165714847583,103.2344664857736,116.4498081657451,0.044045222077759294
Idlib,11,75.31737232697554,68.9628265359937,83.23164024160526,0.009449736352462601
Idlib,12,57.94842529494176,50.117618,64.04625195624645,3.8869661665219546e-05
Latakia,1,65.30467851783906,58.79538379956219,70.4064930043825,0.0007487578070982659
Latakia,2,83.99631222963109,77.73274631483496,94.34612483664677,0.0052741725818522545
Latakia,3,124.40757137474648,118.3670664277726,130.14699514842354,0.0181024505157259
Latakia,4,151.95883640918524,146.08639922651113,155.01067003534473,0.03814186365919059
Latakia,5,181.15063162336918,176.74910096718864,186.9441492397218,0.05739616126741798
Latakia,6,187.729570594047,181.847242782132,192.6482969773942,0.07237636530870994
Latakia,7,188.3136321953041,184.62287176233005,191.4868435508061,0.07985053619035631
Latakia,8,169.1197016489975,167.49492035518037,171.52844600396193,0.0750901979122175
Latakia,9,138.9774628997591,135.986507726625,142.7107788964623,0.06259550129226787
Latakia,10,109.9265315250267,102.86881112647573,115.36748729772577,0.04290202492768691
Latakia,11,75.30594951881405,70.24225380212307,81.40416914564088,0.017615590836007833
Latakia,12,59.94820613056471,52.430593193011454,65.42196680416296,0.0018213465492965542
Quneitra,1,70.17783320785705,62.537168295929376,74.38646042747104,0.0008114321200967112
Quneitra,2,85.39290454979529,78.88084795905192,97.46104422068296,0.006827208141432561
Quneitra,3,123.69115378617086,115.58546173224886,130.79361559526697,0.02322788802665654
Quneitra,4,151.62094618008388,143.6275894797609,155.36414715426508,0.05268948616706004
Quneitra,5,181.43234350062468,173.65224536987802,188.4677404835667,0.07747499129798008
Quneitra,6,189.6725569735965,183.96139845365616,194.3856311473111,0.0929952158864813
Quneitra,7,191.79280614156758,189.12623787116274,194.56658047488565,0.09854703440852264
Quneitra,8,173.04681174835937,170.1961767281841,176.6779601055007,0.09073517307918555
Quneitra,9,144.65537144869168,141.85393139078275,148.3194123752028,0.07577969184302913
Quneitra,10,115.36124454609909,104.95025979435594,123.06750580978854,0.049509660924116905
Quneitra,11,81.30213096840292,76.01121764727661,87.64120609006103,0.01899734879938275
Quneitra,12,66.31237877293891,59.365714,71.87199400026323,0.001539055883954532
Raqqa,1,72.98365763636365,66.214668,76.217414,0.0
Raqqa,2,90.37541290175297,79.48810235087146,99.15842922202698,0.0018900054033659242
Raqqa,3,125.18473299921908,119.03886425296494,131.0490956048509,0.016167084187863168
Raqqa,4,152.96985723380763,148.28590369047015,159.7909358527865,0.04595596233805266
Raqqa,5,178.88182055889928,171.84452327800642,187.8206906761288,0.07282313153941589
Raqqa,6,187.0948435601669,183.28600066318958,191.74933551616297,0.10004973814594009
Raqqa,7,186.07450374928968,179.70372185495833,190.62935874320604,0.11169893929108599
Raqqa,8,168.18474204511423,163.67258548492347,171.89743309448025,0.1035369743253981
Raqqa,9,140.1947869562525,135.52102371712166,145.50042017010344,0.08000739841941606
Raqqa,10,110.85184928304075,101.41072669701573,117.53675565111297,0.04505239730605726
Raqqa,11,79.58852928036755,70.86209083644026,88.06931551404635,0.0080037353339244
Raqqa,12,65.31316909090908,60.208944,70.720896,0.0
Rif Dimashq,1,75.77925963636363,70.341464,79.114324,0.0
Rif Dimashq,2,91.64501691556421,85.824044,98.44460513074172,0.001165668246805085
Rif Dimashq,3,133.64713150983692,125.03252121688291,141.12722562946806,0.011642871240511554
Rif Dimashq,4,159.39289868492023,151.76254067205713,164.71948123107722,0.03874582427000106
Rif Dimashq,5,189.38689402683622,184.31604125048605,195.8828832491338,0.06597088281042052
Rif Dimashq,6,196.70135690318438,192.11565034053316,200.24534608023797,0.08840354929408534
Rif Dimashq,7,197.37570960180517,192.6249164686515,201.02543670611203,0.09781431522655581
Rif Dimashq,8,179.45623087916874,175.63425232417254,183.01644554050176,0.09025688586559377
Rif Dimashq,9,151.8775846483012,145.5378022369563,155.90615027552406,0.07025927092387008
Rif Dimashq,10,121.48616455950605,111.03340540525338,130.17481710009193,0.03786253382244942
Rif Dimashq,11,84.7382479784747,77.52938323872282,90.41528211774302,0.006091757765871231
Rif Dimashq,12,70.03475479083063,63.761604,73.831516,7.849940615445306e-05
Tartus,1,67.50359960373885,60.04338911907896,72.08568342576433,0.002407580542079568
Tartus,2,84.8359751783304,76.5525115476078,94.55567654914213,0.007981129238201157
Tartus,3,124.94323199909505,118.67185389548969,132.45476491648807,0.02065999803828833
Tartus,4,153.38155035822444,145.68399369356402,158.52041067308124,0.039498419357612
Tartus,5,183.97349316131132,177.26114980378608,188.48218725607126,0.05763189187272422
Tartus,6,190.6647991605605,186.2623141750403,194.74204667345984,0.07207501093769897
Tartus,7,191.52585900099783,189.04859181740707,194.46082723586176,0.07931343906386112
Tartus,8,172.69545758636255,170.31225397085515,175.8900749626656,0.07511661232769917
Tartus,9,143.04141304631764,140.7373827630573,147.2418166420784,0.06361744339692932
Tartus,10,111.77413952792767,103.81966096079505,118.17283217747203,0.044382828251902096
Tartus,11,76.84863773301103,70.9969075819373,82.47198143027042,0.021467934013900347
Tartus,12,61.53412530640343,54.76038112057406,67.87421959254078,0.004593805116427818
